center_index,observed_variance,null_variance_low,null_variance_high,observed_ordered_ac1,null_ordered_ac1_low,null_ordered_ac1_high
30.0,0.831308961975421,0.806656068001972,1.2054713978936649,0.05167367522598534,-0.16932378200135484,0.17347047778399405
34.0,0.9578764759149583,0.8086095262538427,1.2285886490285864,0.04870271176645515,-0.1800977185561163,0.1728955928613698
38.0,0.9695732623843475,0.8234298853063023,1.2369002301950098,0.01317353680755811,-0.18306879599688497,0.17746845353657942
42.0,0.9963034924999811,0.8175383027382133,1.234725546543748,0.08378446155131919,-0.17932058194315642,0.16635278673648446
46.0,1.0331986017641805,0.8273508847914739,1.2931201514966557,0.033316164676534095,-0.17903417849272968,0.15277969985105821
50.0,1.0510697830381577,0.7983444046214899,1.2766853153851312,0.04243318964600681,-0.18697952716829144,0.1593282272757243
54.0,1.043292750307116,0.8023717255826355,1.2504655355000667,0.016644607565308334,-0.17763782147219132,0.14273061606973017
58.0,1.0657014097850313,0.8357859836947891,1.2413068119114785,0.043228091621380034,-0.19135481969085597,0.14938249388756808
62.0,1.0422845037164772,0.8187134123305814,1.2309522423246366,0.08414896077746785,-0.18827108994052064,0.14862276291793922
66.0,1.039782131534956,0.8135992584195781,1.2144380696898909,0.0795553836498319,-0.19618766167109947,0.1452043334460799
70.0,1.0468691608910137,0.8057025462343321,1.203023229081894,0.08330057622184084,-0.19449499116097324,0.16541570300318997
74.0,1.0129995720243419,0.8054051759569573,1.2121260277615753,0.09203069626537796,-0.17796029776691052,0.14851298222685258
78.0,1.0088533905244992,0.8066643671642318,1.2012869065484988,0.08816788834541445,-0.18300507166704774,0.13525480194473966
82.0,1.1400928958106855,0.7991572930967357,1.213768689475114,0.0936985323910113,-0.18355539753607514,0.11751734735558922
86.0,1.0939716920431106,0.8014937781004198,1.1971397012088014,0.08160183782426231,-0.18844711946256956,0.12054566571581021
90.0,1.085666894203716,0.7814601195464772,1.2161175981342187,0.10625441504801185,-0.18021454488131,0.1287050148711697
94.0,1.046789333235152,0.7927934855205986,1.2132642552486987,0.1072289583493144,-0.17009383332881273,0.16187612288719097
98.0,1.0343396126704951,0.786881059748354,1.2212251292721246,0.14221936708123042,-0.17404876108567313,0.16785793846977654
102.0,0.9868439403257994,0.7775366385488117,1.2217754382775345,0.080164673647121,-0.17897554992879694,0.15490165367157102
106.0,0.982535035101009,0.7868454372469215,1.2215794034226517,0.1158149857248545,-0.1899983148026927,0.12936095847784262
110.0,0.9484037401416611,0.8072560214636609,1.2514135248650018,0.08570878282576806,-0.19323315676462507,0.14941712669853005
114.0,0.916207213395981,0.7982326416465793,1.264610730074709,0.060020209392628844,-0.2039293830245535,0.17029849595138608
118.0,0.866416069602454,0.8179624270050879,1.2739469997646842,0.04682256105418394,-0.19198811998776627,0.15356954835379616
122.0,0.8676809340783868,0.8191297393862766,1.2478977273514635,0.06407753219757739,-0.18718065168013473,0.15755982280725309
126.0,0.8429520372745664,0.8113048269434412,1.2352610490517426,0.049988842480829854,-0.1779950851120717,0.16556835953563218
130.0,0.8857944259472176,0.8008856801551559,1.2259936786397585,0.04699366438916023,-0.1958040540718161,0.18420971185059337
134.0,0.8933559188340853,0.8107771486767076,1.2139697373496243,0.044466820311245735,-0.1947336104626849,0.14649077704687863
138.0,0.8454441655941608,0.8026906090462019,1.224305012243442,0.043978268072130566,-0.19240452168263023,0.16121973113605148
142.0,0.8090925919345077,0.7967804484363387,1.2130092167281588,0.11657762236636167,-0.20510079619036062,0.17340827910265358
146.0,0.835392864699588,0.7717649183601022,1.2007802232840725,0.1123154919372218,-0.18096745492816457,0.13422409025994042
150.0,0.8613856940946519,0.783131750689692,1.1870532532630267,0.11352762434040232,-0.19554329121985276,0.14047959544843353
154.0,0.868331502808258,0.804023133468538,1.2031338507424034,0.10703526796958755,-0.21058267375961326,0.1497840467001444
158.0,0.9116943991114198,0.81321178417873,1.173313977225645,0.15364514872702265,-0.20414511410310077,0.16250453258264314
162.0,0.9678835595350206,0.8031822735066555,1.1817427402298235,0.15884538720978378,-0.21028698793252312,0.14211405089632698
166.0,0.9318581140505762,0.7990933082563005,1.1924357071759655,0.15273262691927839,-0.20940457859600686,0.1455700605451753
170.0,0.9722765857458762,0.8157891942720624,1.1879047400391236,0.1871041917653092,-0.20240587385149625,0.12853958616430974
174.0,0.9828809666960118,0.816291659330031,1.2223710039757794,0.18931126492680547,-0.19843463093207203,0.1391177549475251
178.0,1.0004980086195518,0.8128225044064051,1.2147683167394159,0.17903020600396502,-0.18970769291227235,0.1379517963563093
182.0,0.9885966174349811,0.8129512128556945,1.2241866881452,0.12696197090466618,-0.1959221089157118,0.13612220292995292
186.0,1.0300634102287927,0.8122177559630525,1.2225305416329906,0.14868749960239477,-0.19404996306082903,0.14050357141108638
190.0,0.9994613196709308,0.7985012794014564,1.231356076163119,0.14624101476338924,-0.22106856120243115,0.16514349599096628
194.0,1.0086122328841662,0.8285836929705914,1.2282904253976887,0.17050290170727997,-0.1823716882998441,0.1635819963794465
198.0,1.0083411759340684,0.8218504386493868,1.2404627856546897,0.17027520235821011,-0.18420265704065492,0.15799475056774528
202.0,0.9825759230053802,0.7914174203579727,1.2433901979499107,0.13203742952152317,-0.1886200010841318,0.1350172058536934
206.0,0.923771107139709,0.816896027079755,1.228738466259605,0.11610612774072714,-0.17289328253200012,0.13999945385204973
210.0,0.8747270060037268,0.7972749532934968,1.2163741913254487,0.06698285824062396,-0.1707175426569127,0.12941704153368933
214.0,0.8022175723209543,0.7904572463651891,1.2194728139836155,0.036668376494474464,-0.18117057062099484,0.13460680078063522
218.0,0.795751141043174,0.8055704904547196,1.2352390677719811,-0.008608992066132201,-0.18542053656431187,0.14501192450588957
222.0,0.7906618085908196,0.8199752028145462,1.2229973608046678,0.01893127693974263,-0.1853754641868155,0.15056039477766855
226.0,0.861619172991633,0.7988475633895574,1.2465841828776132,0.029583885778014924,-0.1694117589179987,0.15142366579018868
230.0,0.9734086414698601,0.7914865093268169,1.2525806254741592,-0.040138462944732035,-0.1677435132327363,0.1627988054214246
234.0,1.0429733330873974,0.7882647944456344,1.2356088168607833,-0.039262249809570646,-0.1613258591812458,0.15358826583225424
238.0,1.0659172127198557,0.7755001454645406,1.2299950816516603,-0.03440309397478746,-0.18020461455377984,0.15662342685335515
242.0,1.04750877702101,0.7713264095725022,1.2247295815764603,-0.02638086253128459,-0.19145679217664122,0.16963786180365303
246.0,1.0598577551453738,0.7888675887649961,1.2480983210434504,-0.04664536017502466,-0.1905890478968541,0.16192075059319944
250.0,1.020485122097325,0.7958006071682417,1.24975221769256,-0.0532354684290068,-0.18129149382169657,0.1786146207870913
254.0,1.0006218573751047,0.8079514959131334,1.2102120909878522,-0.08189877459632076,-0.16716419766872673,0.15648788369181368
258.0,0.9481992983052097,0.793847681639909,1.2094755909164079,-0.06715621296489804,-0.18502252190526167,0.1762459816987754
262.0,0.9518242253108489,0.8147928761473313,1.2005302690017157,-0.0553634809009679,-0.1948824195817109,0.1815030681729965
266.0,0.9555680639706184,0.8000130040731877,1.1973694703739008,-0.03541019477174675,-0.1929218746553925,0.1747619573038488
270.0,1.0189056210884317,0.7894709747161814,1.2114796179108134,0.01767967721090361,-0.1848146453471763,0.17710452154194295
274.0,1.031746653623778,0.7863305727799947,1.2346761620299451,0.005919993549078656,-0.16309772048635957,0.18678275290359336
278.0,1.0040430040119397,0.7823040775938784,1.261462696574322,0.01592390954089168,-0.18237658236288132,0.18928213113372935
282.0,1.012599720680451,0.7968416440940473,1.240762690976229,-0.01076647198335324,-0.17804621732777343,0.1729846510594209
286.0,0.9693696842686063,0.7846501604127386,1.238418776122425,0.03243646844803823,-0.17881186653529857,0.17368969639995493
290.0,0.8403028355957662,0.7999512942819732,1.2188301755406936,0.10336616406060628,-0.1690563592297501,0.16945807487055267
294.0,0.7468490685758971,0.826111864857644,1.213664572315454,0.1345351937465363,-0.16741861724020352,0.18733368751619375
298.0,0.734749552691759,0.8201432745245257,1.2282816189644639,0.11372335116544563,-0.18220470473550696,0.16978561455496605
302.0,0.7392310717730793,0.8228462972037934,1.195103733762778,0.09388964868408951,-0.1719830975182459,0.14743185981823223
306.0,0.7521219795938469,0.8226798772660225,1.2090683046958561,0.125904447883428,-0.16020814752002716,0.18972070750237707
310.0,0.8096681117247956,0.8321271249508252,1.1741798744798049,0.08384030461502945,-0.17438469494590855,0.17466469994861764
314.0,0.8185716325231843,0.8088829517134937,1.1771106522325205,0.07841253794067647,-0.15519210144314083,0.1623053365980703
318.0,0.841246650769253,0.792969100735858,1.1671386746861214,0.06533790288682599,-0.17769298428871771,0.1474327253056816
322.0,0.8525175885154047,0.7878353432594656,1.1775965643413515,0.043109880939802996,-0.18647554148494397,0.15459863372997976
326.0,0.8684028481061108,0.8114203670152844,1.182525969269265,0.026459508857947133,-0.16231278373457386,0.14779651681269643
330.0,0.9130421179818756,0.8063536704290803,1.1863113940763457,-0.008800180375538638,-0.1704469406595383,0.1463985855974583
334.0,0.9589258236306498,0.7955129275046284,1.1888564781292084,-0.028539191015624982,-0.1853693211369721,0.1558219690627583
338.0,0.9589404380029961,0.7890755280924113,1.1620442751381361,-0.06544296010245758,-0.18283583656330218,0.15357164519608046
342.0,0.9530687283072982,0.7970039722946688,1.20138701602249,-0.02910909279281339,-0.17302270467929767,0.1486394574552845
346.0,0.9430025009620868,0.7977449593795785,1.2195098276040108,-0.06755344966002023,-0.17924005516925715,0.15298299146623806
350.0,1.0197952889761381,0.8070552395293472,1.1996426059444505,-0.06546151575390999,-0.16999606053011274,0.14018387307765892
354.0,1.0310126317880337,0.8041388191887199,1.188727649244231,-0.07459841285771082,-0.1780193186452836,0.15454699040595768
358.0,1.0338011110392888,0.800286520099659,1.179322376278299,-0.04354435999734394,-0.16731888562428446,0.15076847735287174
362.0,1.0242940850976752,0.8101283182078535,1.2443857313307942,-0.05388456332703536,-0.17647477525883337,0.13978096166007578
366.0,0.9750829469763577,0.8287131148428825,1.2075336283447258,-0.036772119524313876,-0.19696714518978398,0.1393589747769119
370.0,0.9651549508360372,0.8112323275399178,1.2197176810115464,-0.05541701585032854,-0.15617846833917473,0.15732092788978708
