type,name,stage,mean,ci95,n
gene,ACTN1,Stage II,-0.32294179860948535,0.1849228741885531,129
gene,ABI3BP,Stage II,-0.2796099582677894,0.1666710726660724,129
gene,ADAM33,Stage II,-0.3465010856372461,0.17003212556635322,129
module,Structural,Stage II,-0.38866472837843036,0.1447288966066031,129
module,Signaling,Stage II,-0.21862912983682706,0.12593716885935832,129
module,Metabolic,Stage II,-0.05396331923343472,0.10208432802048042,129
module,ECM,Stage II,-0.3163509475048403,0.13269354002533437,129
gene,ACTN1,Stage III,0.13446400553889556,0.15651819311956497,140
gene,ABI3BP,Stage III,0.07850338322733796,0.1679153353007372,140
gene,ADAM33,Stage III,0.06791934530716112,0.1687470037115374,140
module,Structural,Stage III,0.12887458638326985,0.1362640341094137,140
module,Signaling,Stage III,0.09468299023169197,0.1371953584826648,140
module,Metabolic,Stage III,0.006097586424349182,0.11467007899483801,140
module,ECM,Stage III,0.09362891135779822,0.12995043293668318,140
gene,ACTN1,Stage IV,0.1704069495908869,0.16022942587821637,134
gene,ABI3BP,Stage IV,0.18715829078147322,0.1688299019387188,134
gene,ADAM33,Stage IV,0.2626114306283749,0.15815551235769457,134
module,Structural,Stage IV,0.23951722288925248,0.14648614734391935,134
module,Signaling,Stage IV,0.11154879937696936,0.13686886207475973,134
module,Metabolic,Stage IV,0.0455791498634648,0.10880275413817164,134
module,ECM,Stage IV,0.20672555700024503,0.12676267778091746,134
